id,source_id,target_model,model_name,reference_label,case_categories,selection_reason,source_selection_files,subset_name,subset_type,subset_policy
fever_52410::boundary_hard,fever_52410,Qwen/Qwen2.5-1.5B-Instruct,Qwen/Qwen2.5-1.5B-Instruct,NOT ENOUGH INFO,nei_boundary_failure,NEI case where Full CALE boundary-control indicators flag overclaim or uncertainty failure.,selected_nei_boundary_failure.csv,boundary_hard_real_subset,real_response_diagnostic_subset,selected from fixed target responses using global evaluator-audit behavior signals
fever_79091::boundary_hard,fever_79091,meta-llama/Llama-3.2-1B-Instruct,meta-llama/Llama-3.2-1B-Instruct,NOT ENOUGH INFO,nei_boundary_failure,NEI case where Full CALE boundary-control indicators flag overclaim or uncertainty failure.,selected_nei_boundary_failure.csv,boundary_hard_real_subset,real_response_diagnostic_subset,selected from fixed target responses using global evaluator-audit behavior signals
fever_226142::boundary_hard,fever_226142,Qwen/Qwen2.5-1.5B-Instruct,Qwen/Qwen2.5-1.5B-Instruct,NOT ENOUGH INFO,nei_boundary_failure,NEI case where Full CALE boundary-control indicators flag overclaim or uncertainty failure.,selected_nei_boundary_failure.csv,boundary_hard_real_subset,real_response_diagnostic_subset,selected from fixed target responses using global evaluator-audit behavior signals
fever_112935::boundary_hard,fever_112935,Qwen/Qwen2.5-1.5B-Instruct,Qwen/Qwen2.5-1.5B-Instruct,NOT ENOUGH INFO,nei_boundary_failure,NEI case where Full CALE boundary-control indicators flag overclaim or uncertainty failure.,selected_nei_boundary_failure.csv,boundary_hard_real_subset,real_response_diagnostic_subset,selected from fixed target responses using global evaluator-audit behavior signals
fever_116417::boundary_hard,fever_116417,meta-llama/Llama-3.2-1B-Instruct,meta-llama/Llama-3.2-1B-Instruct,NOT ENOUGH INFO,nei_boundary_failure,NEI case where Full CALE boundary-control indicators flag overclaim or uncertainty failure.,selected_nei_boundary_failure.csv,boundary_hard_real_subset,real_response_diagnostic_subset,selected from fixed target responses using global evaluator-audit behavior signals
fever_140857::boundary_hard,fever_140857,meta-llama/Llama-3.2-1B-Instruct,meta-llama/Llama-3.2-1B-Instruct,NOT ENOUGH INFO,direct_vs_full_shift; nei_boundary_failure,Full CALE changes the score substantially relative to the backend-specific direct baseline. | NEI case where Full CALE boundary-control indicators flag overclaim or uncertainty failure.,selected_direct_vs_full_shift.csv; selected_nei_boundary_failure.csv,boundary_hard_real_subset,real_response_diagnostic_subset,selected from fixed target responses using global evaluator-audit behavior signals
fever_10153::boundary_hard,fever_10153,Qwen/Qwen2.5-1.5B-Instruct,Qwen/Qwen2.5-1.5B-Instruct,NOT ENOUGH INFO,nei_boundary_failure,NEI case where Full CALE boundary-control indicators flag overclaim or uncertainty failure.,selected_nei_boundary_failure.csv,boundary_hard_real_subset,real_response_diagnostic_subset,selected from fixed target responses using global evaluator-audit behavior signals
fever_104820::boundary_hard,fever_104820,Qwen/Qwen2.5-1.5B-Instruct,Qwen/Qwen2.5-1.5B-Instruct,NOT ENOUGH INFO,direct_vs_full_shift; nei_boundary_failure,Full CALE changes the score substantially relative to the backend-specific direct baseline. | NEI case where Full CALE boundary-control indicators flag overclaim or uncertainty failure.,selected_direct_vs_full_shift.csv; selected_nei_boundary_failure.csv,boundary_hard_real_subset,real_response_diagnostic_subset,selected from fixed target responses using global evaluator-audit behavior signals
fever_6916::boundary_hard,fever_6916,Qwen/Qwen2.5-1.5B-Instruct,Qwen/Qwen2.5-1.5B-Instruct,NOT ENOUGH INFO,nei_boundary_failure,NEI case where Full CALE boundary-control indicators flag overclaim or uncertainty failure.,selected_nei_boundary_failure.csv,boundary_hard_real_subset,real_response_diagnostic_subset,selected from fixed target responses using global evaluator-audit behavior signals
fever_141129::boundary_hard,fever_141129,meta-llama/Llama-3.2-1B-Instruct,meta-llama/Llama-3.2-1B-Instruct,NOT ENOUGH INFO,nei_boundary_failure,NEI case where Full CALE boundary-control indicators flag overclaim or uncertainty failure.,selected_nei_boundary_failure.csv,boundary_hard_real_subset,real_response_diagnostic_subset,selected from fixed target responses using global evaluator-audit behavior signals
fever_53388::boundary_hard,fever_53388,Qwen/Qwen2.5-1.5B-Instruct,Qwen/Qwen2.5-1.5B-Instruct,NOT ENOUGH INFO,nei_boundary_failure,NEI case where Full CALE boundary-control indicators flag overclaim or uncertainty failure.,selected_nei_boundary_failure.csv,boundary_hard_real_subset,real_response_diagnostic_subset,selected from fixed target responses using global evaluator-audit behavior signals
fever_140451::boundary_hard,fever_140451,meta-llama/Llama-3.2-1B-Instruct,meta-llama/Llama-3.2-1B-Instruct,NOT ENOUGH INFO,nei_boundary_failure,NEI case where Full CALE boundary-control indicators flag overclaim or uncertainty failure.,selected_nei_boundary_failure.csv,boundary_hard_real_subset,real_response_diagnostic_subset,selected from fixed target responses using global evaluator-audit behavior signals
fever_74807::boundary_hard,fever_74807,Qwen/Qwen2.5-1.5B-Instruct,Qwen/Qwen2.5-1.5B-Instruct,NOT ENOUGH INFO,direct_vs_full_shift; nei_boundary_failure,Full CALE changes the score substantially relative to the backend-specific direct baseline. | NEI case where Full CALE boundary-control indicators flag overclaim or uncertainty failure.,selected_direct_vs_full_shift.csv; selected_nei_boundary_failure.csv,boundary_hard_real_subset,real_response_diagnostic_subset,selected from fixed target responses using global evaluator-audit behavior signals
fever_86543::boundary_hard,fever_86543,Qwen/Qwen2.5-1.5B-Instruct,Qwen/Qwen2.5-1.5B-Instruct,NOT ENOUGH INFO,nei_boundary_failure,NEI case where Full CALE boundary-control indicators flag overclaim or uncertainty failure.,selected_nei_boundary_failure.csv,boundary_hard_real_subset,real_response_diagnostic_subset,selected from fixed target responses using global evaluator-audit behavior signals
fever_50909::boundary_hard,fever_50909,Qwen/Qwen2.5-1.5B-Instruct,Qwen/Qwen2.5-1.5B-Instruct,NOT ENOUGH INFO,nei_boundary_failure,NEI case where Full CALE boundary-control indicators flag overclaim or uncertainty failure.,selected_nei_boundary_failure.csv,boundary_hard_real_subset,real_response_diagnostic_subset,selected from fixed target responses using global evaluator-audit behavior signals
fever_185404::boundary_hard,fever_185404,Qwen/Qwen2.5-1.5B-Instruct,Qwen/Qwen2.5-1.5B-Instruct,NOT ENOUGH INFO,nei_boundary_failure,NEI case where Full CALE boundary-control indicators flag overclaim or uncertainty failure.,selected_nei_boundary_failure.csv,boundary_hard_real_subset,real_response_diagnostic_subset,selected from fixed target responses using global evaluator-audit behavior signals
fever_76736::boundary_hard,fever_76736,meta-llama/Llama-3.2-1B-Instruct,meta-llama/Llama-3.2-1B-Instruct,NOT ENOUGH INFO,direct_vs_full_shift; nei_boundary_failure,Full CALE changes the score substantially relative to the backend-specific direct baseline. | NEI case where Full CALE boundary-control indicators flag overclaim or uncertainty failure.,selected_direct_vs_full_shift.csv; selected_nei_boundary_failure.csv,boundary_hard_real_subset,real_response_diagnostic_subset,selected from fixed target responses using global evaluator-audit behavior signals
fever_59886::boundary_hard,fever_59886,meta-llama/Llama-3.2-1B-Instruct,meta-llama/Llama-3.2-1B-Instruct,NOT ENOUGH INFO,nei_boundary_failure,NEI case where Full CALE boundary-control indicators flag overclaim or uncertainty failure.,selected_nei_boundary_failure.csv,boundary_hard_real_subset,real_response_diagnostic_subset,selected from fixed target responses using global evaluator-audit behavior signals
fever_64843::boundary_hard,fever_64843,meta-llama/Llama-3.2-1B-Instruct,meta-llama/Llama-3.2-1B-Instruct,NOT ENOUGH INFO,nei_boundary_failure,NEI case where Full CALE boundary-control indicators flag overclaim or uncertainty failure.,selected_nei_boundary_failure.csv,boundary_hard_real_subset,real_response_diagnostic_subset,selected from fixed target responses using global evaluator-audit behavior signals
fever_102702::boundary_hard,fever_102702,meta-llama/Llama-3.2-1B-Instruct,meta-llama/Llama-3.2-1B-Instruct,NOT ENOUGH INFO,direct_vs_full_shift; nei_boundary_failure,Full CALE changes the score substantially relative to the backend-specific direct baseline. | NEI case where Full CALE boundary-control indicators flag overclaim or uncertainty failure.,selected_direct_vs_full_shift.csv; selected_nei_boundary_failure.csv,boundary_hard_real_subset,real_response_diagnostic_subset,selected from fixed target responses using global evaluator-audit behavior signals
fever_18615::boundary_hard,fever_18615,meta-llama/Llama-3.2-1B-Instruct,meta-llama/Llama-3.2-1B-Instruct,NOT ENOUGH INFO,nei_boundary_failure,NEI case where Full CALE boundary-control indicators flag overclaim or uncertainty failure.,selected_nei_boundary_failure.csv,boundary_hard_real_subset,real_response_diagnostic_subset,selected from fixed target responses using global evaluator-audit behavior signals
fever_94038::boundary_hard,fever_94038,Qwen/Qwen2.5-1.5B-Instruct,Qwen/Qwen2.5-1.5B-Instruct,NOT ENOUGH INFO,direct_vs_full_shift; nei_boundary_failure,Full CALE changes the score substantially relative to the backend-specific direct baseline. | NEI case where Full CALE boundary-control indicators flag overclaim or uncertainty failure.,selected_direct_vs_full_shift.csv; selected_nei_boundary_failure.csv,boundary_hard_real_subset,real_response_diagnostic_subset,selected from fixed target responses using global evaluator-audit behavior signals
fever_47540::boundary_hard,fever_47540,Qwen/Qwen2.5-1.5B-Instruct,Qwen/Qwen2.5-1.5B-Instruct,NOT ENOUGH INFO,boundary_indicator_mismatch; nei_boundary_failure,NEI case where Full CALE boundary-control indicators flag overclaim or uncertainty failure. | Real NEI case where hallucination_control and uncertainty_handling separate.,selected_boundary_indicator_mismatch.csv; selected_nei_boundary_failure.csv,boundary_hard_real_subset,real_response_diagnostic_subset,selected from fixed target responses using global evaluator-audit behavior signals
fever_192836::boundary_hard,fever_192836,meta-llama/Llama-3.2-1B-Instruct,meta-llama/Llama-3.2-1B-Instruct,NOT ENOUGH INFO,direct_vs_full_shift; nei_boundary_failure,Full CALE changes the score substantially relative to the backend-specific direct baseline. | NEI case where Full CALE boundary-control indicators flag overclaim or uncertainty failure.,selected_direct_vs_full_shift.csv; selected_nei_boundary_failure.csv,boundary_hard_real_subset,real_response_diagnostic_subset,selected from fixed target responses using global evaluator-audit behavior signals
fever_194477::boundary_hard,fever_194477,meta-llama/Llama-3.2-1B-Instruct,meta-llama/Llama-3.2-1B-Instruct,NOT ENOUGH INFO,nei_boundary_failure,NEI case where Full CALE boundary-control indicators flag overclaim or uncertainty failure.,selected_nei_boundary_failure.csv,boundary_hard_real_subset,real_response_diagnostic_subset,selected from fixed target responses using global evaluator-audit behavior signals
fever_146332::boundary_hard,fever_146332,meta-llama/Llama-3.2-1B-Instruct,meta-llama/Llama-3.2-1B-Instruct,NOT ENOUGH INFO,nei_boundary_failure,NEI case where Full CALE boundary-control indicators flag overclaim or uncertainty failure.,selected_nei_boundary_failure.csv,boundary_hard_real_subset,real_response_diagnostic_subset,selected from fixed target responses using global evaluator-audit behavior signals
fever_192833::boundary_hard,fever_192833,meta-llama/Llama-3.2-1B-Instruct,meta-llama/Llama-3.2-1B-Instruct,NOT ENOUGH INFO,nei_boundary_failure,NEI case where Full CALE boundary-control indicators flag overclaim or uncertainty failure.,selected_nei_boundary_failure.csv,boundary_hard_real_subset,real_response_diagnostic_subset,selected from fixed target responses using global evaluator-audit behavior signals
fever_132541::boundary_hard,fever_132541,meta-llama/Llama-3.2-1B-Instruct,meta-llama/Llama-3.2-1B-Instruct,NOT ENOUGH INFO,nei_boundary_failure,NEI case where Full CALE boundary-control indicators flag overclaim or uncertainty failure.,selected_nei_boundary_failure.csv,boundary_hard_real_subset,real_response_diagnostic_subset,selected from fixed target responses using global evaluator-audit behavior signals
fever_107134::boundary_hard,fever_107134,meta-llama/Llama-3.2-1B-Instruct,meta-llama/Llama-3.2-1B-Instruct,NOT ENOUGH INFO,nei_boundary_failure,NEI case where Full CALE boundary-control indicators flag overclaim or uncertainty failure.,selected_nei_boundary_failure.csv,boundary_hard_real_subset,real_response_diagnostic_subset,selected from fixed target responses using global evaluator-audit behavior signals
fever_195032::boundary_hard,fever_195032,meta-llama/Llama-3.2-1B-Instruct,meta-llama/Llama-3.2-1B-Instruct,NOT ENOUGH INFO,nei_boundary_failure,NEI case where Full CALE boundary-control indicators flag overclaim or uncertainty failure.,selected_nei_boundary_failure.csv,boundary_hard_real_subset,real_response_diagnostic_subset,selected from fixed target responses using global evaluator-audit behavior signals
fever_141131::boundary_hard,fever_141131,meta-llama/Llama-3.2-1B-Instruct,meta-llama/Llama-3.2-1B-Instruct,NOT ENOUGH INFO,direct_vs_full_shift; nei_boundary_failure,Full CALE changes the score substantially relative to the backend-specific direct baseline. | NEI case where Full CALE boundary-control indicators flag overclaim or uncertainty failure.,selected_direct_vs_full_shift.csv; selected_nei_boundary_failure.csv,boundary_hard_real_subset,real_response_diagnostic_subset,selected from fixed target responses using global evaluator-audit behavior signals
fever_149251::boundary_hard,fever_149251,meta-llama/Llama-3.2-1B-Instruct,meta-llama/Llama-3.2-1B-Instruct,NOT ENOUGH INFO,nei_boundary_failure,NEI case where Full CALE boundary-control indicators flag overclaim or uncertainty failure.,selected_nei_boundary_failure.csv,boundary_hard_real_subset,real_response_diagnostic_subset,selected from fixed target responses using global evaluator-audit behavior signals
fever_143582::boundary_hard,fever_143582,Qwen/Qwen2.5-1.5B-Instruct,Qwen/Qwen2.5-1.5B-Instruct,NOT ENOUGH INFO,nei_boundary_failure,NEI case where Full CALE boundary-control indicators flag overclaim or uncertainty failure.,selected_nei_boundary_failure.csv,boundary_hard_real_subset,real_response_diagnostic_subset,selected from fixed target responses using global evaluator-audit behavior signals
fever_46726::boundary_hard,fever_46726,Qwen/Qwen2.5-1.5B-Instruct,Qwen/Qwen2.5-1.5B-Instruct,NOT ENOUGH INFO,direct_vs_full_shift; nei_boundary_failure,Full CALE changes the score substantially relative to the backend-specific direct baseline. | NEI case where Full CALE boundary-control indicators flag overclaim or uncertainty failure.,selected_direct_vs_full_shift.csv; selected_nei_boundary_failure.csv,boundary_hard_real_subset,real_response_diagnostic_subset,selected from fixed target responses using global evaluator-audit behavior signals
fever_185392::boundary_hard,fever_185392,Qwen/Qwen2.5-1.5B-Instruct,Qwen/Qwen2.5-1.5B-Instruct,NOT ENOUGH INFO,nei_boundary_failure,NEI case where Full CALE boundary-control indicators flag overclaim or uncertainty failure.,selected_nei_boundary_failure.csv,boundary_hard_real_subset,real_response_diagnostic_subset,selected from fixed target responses using global evaluator-audit behavior signals
fever_172473::boundary_hard,fever_172473,Qwen/Qwen2.5-1.5B-Instruct,Qwen/Qwen2.5-1.5B-Instruct,NOT ENOUGH INFO,nei_boundary_failure,NEI case where Full CALE boundary-control indicators flag overclaim or uncertainty failure.,selected_nei_boundary_failure.csv,boundary_hard_real_subset,real_response_diagnostic_subset,selected from fixed target responses using global evaluator-audit behavior signals
fever_87192::boundary_hard,fever_87192,Qwen/Qwen2.5-1.5B-Instruct,Qwen/Qwen2.5-1.5B-Instruct,NOT ENOUGH INFO,direct_vs_full_shift; nei_boundary_failure,Full CALE changes the score substantially relative to the backend-specific direct baseline. | NEI case where Full CALE boundary-control indicators flag overclaim or uncertainty failure.,selected_direct_vs_full_shift.csv; selected_nei_boundary_failure.csv,boundary_hard_real_subset,real_response_diagnostic_subset,selected from fixed target responses using global evaluator-audit behavior signals
fever_102734::boundary_hard,fever_102734,Qwen/Qwen2.5-1.5B-Instruct,Qwen/Qwen2.5-1.5B-Instruct,NOT ENOUGH INFO,nei_boundary_failure,NEI case where Full CALE boundary-control indicators flag overclaim or uncertainty failure.,selected_nei_boundary_failure.csv,boundary_hard_real_subset,real_response_diagnostic_subset,selected from fixed target responses using global evaluator-audit behavior signals
fever_115546::boundary_hard,fever_115546,Qwen/Qwen2.5-1.5B-Instruct,Qwen/Qwen2.5-1.5B-Instruct,NOT ENOUGH INFO,nei_boundary_failure,NEI case where Full CALE boundary-control indicators flag overclaim or uncertainty failure.,selected_nei_boundary_failure.csv,boundary_hard_real_subset,real_response_diagnostic_subset,selected from fixed target responses using global evaluator-audit behavior signals
fever_115546::boundary_hard,fever_115546,meta-llama/Llama-3.2-1B-Instruct,meta-llama/Llama-3.2-1B-Instruct,NOT ENOUGH INFO,nei_boundary_failure,NEI case where Full CALE boundary-control indicators flag overclaim or uncertainty failure.,selected_nei_boundary_failure.csv,boundary_hard_real_subset,real_response_diagnostic_subset,selected from fixed target responses using global evaluator-audit behavior signals
fever_116064::boundary_hard,fever_116064,meta-llama/Llama-3.2-1B-Instruct,meta-llama/Llama-3.2-1B-Instruct,NOT ENOUGH INFO,nei_boundary_failure,NEI case where Full CALE boundary-control indicators flag overclaim or uncertainty failure.,selected_nei_boundary_failure.csv,boundary_hard_real_subset,real_response_diagnostic_subset,selected from fixed target responses using global evaluator-audit behavior signals
fever_118874::boundary_hard,fever_118874,meta-llama/Llama-3.2-1B-Instruct,meta-llama/Llama-3.2-1B-Instruct,NOT ENOUGH INFO,nei_boundary_failure,NEI case where Full CALE boundary-control indicators flag overclaim or uncertainty failure.,selected_nei_boundary_failure.csv,boundary_hard_real_subset,real_response_diagnostic_subset,selected from fixed target responses using global evaluator-audit behavior signals
fever_83529::boundary_hard,fever_83529,Qwen/Qwen2.5-1.5B-Instruct,Qwen/Qwen2.5-1.5B-Instruct,NOT ENOUGH INFO,nei_boundary_failure,NEI case where Full CALE boundary-control indicators flag overclaim or uncertainty failure.,selected_nei_boundary_failure.csv,boundary_hard_real_subset,real_response_diagnostic_subset,selected from fixed target responses using global evaluator-audit behavior signals
fever_118874::boundary_hard,fever_118874,Qwen/Qwen2.5-1.5B-Instruct,Qwen/Qwen2.5-1.5B-Instruct,NOT ENOUGH INFO,nei_boundary_failure,NEI case where Full CALE boundary-control indicators flag overclaim or uncertainty failure.,selected_nei_boundary_failure.csv,boundary_hard_real_subset,real_response_diagnostic_subset,selected from fixed target responses using global evaluator-audit behavior signals
fever_116064::boundary_hard,fever_116064,Qwen/Qwen2.5-1.5B-Instruct,Qwen/Qwen2.5-1.5B-Instruct,NOT ENOUGH INFO,nei_boundary_failure,NEI case where Full CALE boundary-control indicators flag overclaim or uncertainty failure.,selected_nei_boundary_failure.csv,boundary_hard_real_subset,real_response_diagnostic_subset,selected from fixed target responses using global evaluator-audit behavior signals
fever_28370::boundary_hard,fever_28370,Qwen/Qwen2.5-1.5B-Instruct,Qwen/Qwen2.5-1.5B-Instruct,NOT ENOUGH INFO,boundary_indicator_mismatch; nei_boundary_failure,NEI case where Full CALE boundary-control indicators flag overclaim or uncertainty failure. | Real NEI case where hallucination_control and uncertainty_handling separate.,selected_boundary_indicator_mismatch.csv; selected_nei_boundary_failure.csv,boundary_hard_real_subset,real_response_diagnostic_subset,selected from fixed target responses using global evaluator-audit behavior signals
fever_130368::boundary_hard,fever_130368,meta-llama/Llama-3.2-1B-Instruct,meta-llama/Llama-3.2-1B-Instruct,NOT ENOUGH INFO,boundary_indicator_mismatch; nei_boundary_failure,NEI case where Full CALE boundary-control indicators flag overclaim or uncertainty failure. | Real NEI case where hallucination_control and uncertainty_handling separate.,selected_boundary_indicator_mismatch.csv; selected_nei_boundary_failure.csv,boundary_hard_real_subset,real_response_diagnostic_subset,selected from fixed target responses using global evaluator-audit behavior signals
fever_118114::boundary_hard,fever_118114,meta-llama/Llama-3.2-1B-Instruct,meta-llama/Llama-3.2-1B-Instruct,NOT ENOUGH INFO,nei_boundary_failure,NEI case where Full CALE boundary-control indicators flag overclaim or uncertainty failure.,selected_nei_boundary_failure.csv,boundary_hard_real_subset,real_response_diagnostic_subset,selected from fixed target responses using global evaluator-audit behavior signals
fever_185397::boundary_hard,fever_185397,meta-llama/Llama-3.2-1B-Instruct,meta-llama/Llama-3.2-1B-Instruct,NOT ENOUGH INFO,boundary_indicator_mismatch,Real NEI case where hallucination_control and uncertainty_handling separate.,selected_boundary_indicator_mismatch.csv,boundary_hard_real_subset,real_response_diagnostic_subset,selected from fixed target responses using global evaluator-audit behavior signals
fever_192980::boundary_hard,fever_192980,meta-llama/Llama-3.2-1B-Instruct,meta-llama/Llama-3.2-1B-Instruct,NOT ENOUGH INFO,boundary_indicator_mismatch,Real NEI case where hallucination_control and uncertainty_handling separate.,selected_boundary_indicator_mismatch.csv,boundary_hard_real_subset,real_response_diagnostic_subset,selected from fixed target responses using global evaluator-audit behavior signals
fever_192976::boundary_hard,fever_192976,meta-llama/Llama-3.2-1B-Instruct,meta-llama/Llama-3.2-1B-Instruct,NOT ENOUGH INFO,boundary_indicator_mismatch,Real NEI case where hallucination_control and uncertainty_handling separate.,selected_boundary_indicator_mismatch.csv,boundary_hard_real_subset,real_response_diagnostic_subset,selected from fixed target responses using global evaluator-audit behavior signals
fever_14762::boundary_hard,fever_14762,meta-llama/Llama-3.2-1B-Instruct,meta-llama/Llama-3.2-1B-Instruct,NOT ENOUGH INFO,boundary_indicator_mismatch,Real NEI case where hallucination_control and uncertainty_handling separate.,selected_boundary_indicator_mismatch.csv,boundary_hard_real_subset,real_response_diagnostic_subset,selected from fixed target responses using global evaluator-audit behavior signals
fever_121113::boundary_hard,fever_121113,Qwen/Qwen2.5-1.5B-Instruct,Qwen/Qwen2.5-1.5B-Instruct,NOT ENOUGH INFO,boundary_indicator_mismatch,Real NEI case where hallucination_control and uncertainty_handling separate.,selected_boundary_indicator_mismatch.csv,boundary_hard_real_subset,real_response_diagnostic_subset,selected from fixed target responses using global evaluator-audit behavior signals
fever_30186::boundary_hard,fever_30186,Qwen/Qwen2.5-1.5B-Instruct,Qwen/Qwen2.5-1.5B-Instruct,NOT ENOUGH INFO,boundary_indicator_mismatch,Real NEI case where hallucination_control and uncertainty_handling separate.,selected_boundary_indicator_mismatch.csv,boundary_hard_real_subset,real_response_diagnostic_subset,selected from fixed target responses using global evaluator-audit behavior signals
fever_106417::boundary_hard,fever_106417,Qwen/Qwen2.5-1.5B-Instruct,Qwen/Qwen2.5-1.5B-Instruct,NOT ENOUGH INFO,boundary_indicator_mismatch; direct_vs_full_shift,Full CALE changes the score substantially relative to the backend-specific direct baseline. | Real NEI case where hallucination_control and uncertainty_handling separate.,selected_boundary_indicator_mismatch.csv; selected_direct_vs_full_shift.csv,boundary_hard_real_subset,real_response_diagnostic_subset,selected from fixed target responses using global evaluator-audit behavior signals
fever_198011::boundary_hard,fever_198011,Qwen/Qwen2.5-1.5B-Instruct,Qwen/Qwen2.5-1.5B-Instruct,NOT ENOUGH INFO,boundary_indicator_mismatch,Real NEI case where hallucination_control and uncertainty_handling separate.,selected_boundary_indicator_mismatch.csv,boundary_hard_real_subset,real_response_diagnostic_subset,selected from fixed target responses using global evaluator-audit behavior signals
fever_163989::boundary_hard,fever_163989,Qwen/Qwen2.5-1.5B-Instruct,Qwen/Qwen2.5-1.5B-Instruct,NOT ENOUGH INFO,boundary_indicator_mismatch,Real NEI case where hallucination_control and uncertainty_handling separate.,selected_boundary_indicator_mismatch.csv,boundary_hard_real_subset,real_response_diagnostic_subset,selected from fixed target responses using global evaluator-audit behavior signals
fever_100973::boundary_hard,fever_100973,meta-llama/Llama-3.2-1B-Instruct,meta-llama/Llama-3.2-1B-Instruct,NOT ENOUGH INFO,boundary_indicator_mismatch,Real NEI case where hallucination_control and uncertainty_handling separate.,selected_boundary_indicator_mismatch.csv,boundary_hard_real_subset,real_response_diagnostic_subset,selected from fixed target responses using global evaluator-audit behavior signals
fever_82608::boundary_hard,fever_82608,Qwen/Qwen2.5-1.5B-Instruct,Qwen/Qwen2.5-1.5B-Instruct,NOT ENOUGH INFO,boundary_indicator_mismatch,Real NEI case where hallucination_control and uncertainty_handling separate.,selected_boundary_indicator_mismatch.csv,boundary_hard_real_subset,real_response_diagnostic_subset,selected from fixed target responses using global evaluator-audit behavior signals
fever_212320::boundary_hard,fever_212320,meta-llama/Llama-3.2-1B-Instruct,meta-llama/Llama-3.2-1B-Instruct,NOT ENOUGH INFO,boundary_indicator_mismatch,Real NEI case where hallucination_control and uncertainty_handling separate.,selected_boundary_indicator_mismatch.csv,boundary_hard_real_subset,real_response_diagnostic_subset,selected from fixed target responses using global evaluator-audit behavior signals
fever_154348::boundary_hard,fever_154348,meta-llama/Llama-3.2-1B-Instruct,meta-llama/Llama-3.2-1B-Instruct,NOT ENOUGH INFO,boundary_indicator_mismatch,Real NEI case where hallucination_control and uncertainty_handling separate.,selected_boundary_indicator_mismatch.csv,boundary_hard_real_subset,real_response_diagnostic_subset,selected from fixed target responses using global evaluator-audit behavior signals
fever_27399::boundary_hard,fever_27399,meta-llama/Llama-3.2-1B-Instruct,meta-llama/Llama-3.2-1B-Instruct,NOT ENOUGH INFO,boundary_indicator_mismatch,Real NEI case where hallucination_control and uncertainty_handling separate.,selected_boundary_indicator_mismatch.csv,boundary_hard_real_subset,real_response_diagnostic_subset,selected from fixed target responses using global evaluator-audit behavior signals
fever_181845::boundary_hard,fever_181845,Qwen/Qwen2.5-1.5B-Instruct,Qwen/Qwen2.5-1.5B-Instruct,NOT ENOUGH INFO,boundary_indicator_mismatch,Real NEI case where hallucination_control and uncertainty_handling separate.,selected_boundary_indicator_mismatch.csv,boundary_hard_real_subset,real_response_diagnostic_subset,selected from fixed target responses using global evaluator-audit behavior signals
fever_185425::boundary_hard,fever_185425,meta-llama/Llama-3.2-1B-Instruct,meta-llama/Llama-3.2-1B-Instruct,NOT ENOUGH INFO,boundary_indicator_mismatch,Real NEI case where hallucination_control and uncertainty_handling separate.,selected_boundary_indicator_mismatch.csv,boundary_hard_real_subset,real_response_diagnostic_subset,selected from fixed target responses using global evaluator-audit behavior signals
fever_186983::boundary_hard,fever_186983,meta-llama/Llama-3.2-1B-Instruct,meta-llama/Llama-3.2-1B-Instruct,NOT ENOUGH INFO,boundary_indicator_mismatch,Real NEI case where hallucination_control and uncertainty_handling separate.,selected_boundary_indicator_mismatch.csv,boundary_hard_real_subset,real_response_diagnostic_subset,selected from fixed target responses using global evaluator-audit behavior signals
fever_13218::boundary_hard,fever_13218,meta-llama/Llama-3.2-1B-Instruct,meta-llama/Llama-3.2-1B-Instruct,NOT ENOUGH INFO,boundary_indicator_mismatch,Real NEI case where hallucination_control and uncertainty_handling separate.,selected_boundary_indicator_mismatch.csv,boundary_hard_real_subset,real_response_diagnostic_subset,selected from fixed target responses using global evaluator-audit behavior signals
fever_223766::boundary_hard,fever_223766,meta-llama/Llama-3.2-1B-Instruct,meta-llama/Llama-3.2-1B-Instruct,NOT ENOUGH INFO,boundary_indicator_mismatch,Real NEI case where hallucination_control and uncertainty_handling separate.,selected_boundary_indicator_mismatch.csv,boundary_hard_real_subset,real_response_diagnostic_subset,selected from fixed target responses using global evaluator-audit behavior signals
fever_148988::boundary_hard,fever_148988,meta-llama/Llama-3.2-1B-Instruct,meta-llama/Llama-3.2-1B-Instruct,NOT ENOUGH INFO,boundary_indicator_mismatch,Real NEI case where hallucination_control and uncertainty_handling separate.,selected_boundary_indicator_mismatch.csv,boundary_hard_real_subset,real_response_diagnostic_subset,selected from fixed target responses using global evaluator-audit behavior signals
fever_128176::boundary_hard,fever_128176,Qwen/Qwen2.5-1.5B-Instruct,Qwen/Qwen2.5-1.5B-Instruct,NOT ENOUGH INFO,boundary_indicator_mismatch,Real NEI case where hallucination_control and uncertainty_handling separate.,selected_boundary_indicator_mismatch.csv,boundary_hard_real_subset,real_response_diagnostic_subset,selected from fixed target responses using global evaluator-audit behavior signals
fever_191252::boundary_hard,fever_191252,meta-llama/Llama-3.2-1B-Instruct,meta-llama/Llama-3.2-1B-Instruct,NOT ENOUGH INFO,boundary_indicator_mismatch,Real NEI case where hallucination_control and uncertainty_handling separate.,selected_boundary_indicator_mismatch.csv,boundary_hard_real_subset,real_response_diagnostic_subset,selected from fixed target responses using global evaluator-audit behavior signals
fever_148988::boundary_hard,fever_148988,Qwen/Qwen2.5-1.5B-Instruct,Qwen/Qwen2.5-1.5B-Instruct,NOT ENOUGH INFO,boundary_indicator_mismatch,Real NEI case where hallucination_control and uncertainty_handling separate.,selected_boundary_indicator_mismatch.csv,boundary_hard_real_subset,real_response_diagnostic_subset,selected from fixed target responses using global evaluator-audit behavior signals
fever_216371::boundary_hard,fever_216371,meta-llama/Llama-3.2-1B-Instruct,meta-llama/Llama-3.2-1B-Instruct,NOT ENOUGH INFO,boundary_indicator_mismatch,Real NEI case where hallucination_control and uncertainty_handling separate.,selected_boundary_indicator_mismatch.csv,boundary_hard_real_subset,real_response_diagnostic_subset,selected from fixed target responses using global evaluator-audit behavior signals
fever_72080::boundary_hard,fever_72080,Qwen/Qwen2.5-1.5B-Instruct,Qwen/Qwen2.5-1.5B-Instruct,NOT ENOUGH INFO,boundary_indicator_mismatch; direct_vs_full_shift,Full CALE changes the score substantially relative to the backend-specific direct baseline. | Real NEI case where hallucination_control and uncertainty_handling separate.,selected_boundary_indicator_mismatch.csv; selected_direct_vs_full_shift.csv,boundary_hard_real_subset,real_response_diagnostic_subset,selected from fixed target responses using global evaluator-audit behavior signals
fever_189468::boundary_hard,fever_189468,meta-llama/Llama-3.2-1B-Instruct,meta-llama/Llama-3.2-1B-Instruct,NOT ENOUGH INFO,boundary_indicator_mismatch; direct_vs_full_shift,Full CALE changes the score substantially relative to the backend-specific direct baseline. | Real NEI case where hallucination_control and uncertainty_handling separate.,selected_boundary_indicator_mismatch.csv; selected_direct_vs_full_shift.csv,boundary_hard_real_subset,real_response_diagnostic_subset,selected from fixed target responses using global evaluator-audit behavior signals
fever_51233::boundary_hard,fever_51233,meta-llama/Llama-3.2-1B-Instruct,meta-llama/Llama-3.2-1B-Instruct,NOT ENOUGH INFO,boundary_indicator_mismatch,Real NEI case where hallucination_control and uncertainty_handling separate.,selected_boundary_indicator_mismatch.csv,boundary_hard_real_subset,real_response_diagnostic_subset,selected from fixed target responses using global evaluator-audit behavior signals
fever_164991::boundary_hard,fever_164991,Qwen/Qwen2.5-1.5B-Instruct,Qwen/Qwen2.5-1.5B-Instruct,NOT ENOUGH INFO,boundary_indicator_mismatch,Real NEI case where hallucination_control and uncertainty_handling separate.,selected_boundary_indicator_mismatch.csv,boundary_hard_real_subset,real_response_diagnostic_subset,selected from fixed target responses using global evaluator-audit behavior signals
fever_217220::boundary_hard,fever_217220,Qwen/Qwen2.5-1.5B-Instruct,Qwen/Qwen2.5-1.5B-Instruct,NOT ENOUGH INFO,boundary_indicator_mismatch,Real NEI case where hallucination_control and uncertainty_handling separate.,selected_boundary_indicator_mismatch.csv,boundary_hard_real_subset,real_response_diagnostic_subset,selected from fixed target responses using global evaluator-audit behavior signals
fever_185430::boundary_hard,fever_185430,Qwen/Qwen2.5-1.5B-Instruct,Qwen/Qwen2.5-1.5B-Instruct,NOT ENOUGH INFO,boundary_indicator_mismatch,Real NEI case where hallucination_control and uncertainty_handling separate.,selected_boundary_indicator_mismatch.csv,boundary_hard_real_subset,real_response_diagnostic_subset,selected from fixed target responses using global evaluator-audit behavior signals
fever_47993::boundary_hard,fever_47993,Qwen/Qwen2.5-1.5B-Instruct,Qwen/Qwen2.5-1.5B-Instruct,NOT ENOUGH INFO,boundary_indicator_mismatch,Real NEI case where hallucination_control and uncertainty_handling separate.,selected_boundary_indicator_mismatch.csv,boundary_hard_real_subset,real_response_diagnostic_subset,selected from fixed target responses using global evaluator-audit behavior signals
fever_79169::boundary_hard,fever_79169,Qwen/Qwen2.5-1.5B-Instruct,Qwen/Qwen2.5-1.5B-Instruct,NOT ENOUGH INFO,boundary_indicator_mismatch,Real NEI case where hallucination_control and uncertainty_handling separate.,selected_boundary_indicator_mismatch.csv,boundary_hard_real_subset,real_response_diagnostic_subset,selected from fixed target responses using global evaluator-audit behavior signals
fever_29618::boundary_hard,fever_29618,meta-llama/Llama-3.2-1B-Instruct,meta-llama/Llama-3.2-1B-Instruct,NOT ENOUGH INFO,boundary_indicator_mismatch,Real NEI case where hallucination_control and uncertainty_handling separate.,selected_boundary_indicator_mismatch.csv,boundary_hard_real_subset,real_response_diagnostic_subset,selected from fixed target responses using global evaluator-audit behavior signals
fever_74807::boundary_hard,fever_74807,meta-llama/Llama-3.2-1B-Instruct,meta-llama/Llama-3.2-1B-Instruct,NOT ENOUGH INFO,boundary_indicator_mismatch,Real NEI case where hallucination_control and uncertainty_handling separate.,selected_boundary_indicator_mismatch.csv,boundary_hard_real_subset,real_response_diagnostic_subset,selected from fixed target responses using global evaluator-audit behavior signals
fever_101049::boundary_hard,fever_101049,Qwen/Qwen2.5-1.5B-Instruct,Qwen/Qwen2.5-1.5B-Instruct,NOT ENOUGH INFO,boundary_indicator_mismatch,Real NEI case where hallucination_control and uncertainty_handling separate.,selected_boundary_indicator_mismatch.csv,boundary_hard_real_subset,real_response_diagnostic_subset,selected from fixed target responses using global evaluator-audit behavior signals
fever_71757::boundary_hard,fever_71757,Qwen/Qwen2.5-1.5B-Instruct,Qwen/Qwen2.5-1.5B-Instruct,NOT ENOUGH INFO,boundary_indicator_mismatch,Real NEI case where hallucination_control and uncertainty_handling separate.,selected_boundary_indicator_mismatch.csv,boundary_hard_real_subset,real_response_diagnostic_subset,selected from fixed target responses using global evaluator-audit behavior signals
fever_18615::boundary_hard,fever_18615,Qwen/Qwen2.5-1.5B-Instruct,Qwen/Qwen2.5-1.5B-Instruct,NOT ENOUGH INFO,boundary_indicator_mismatch,Real NEI case where hallucination_control and uncertainty_handling separate.,selected_boundary_indicator_mismatch.csv,boundary_hard_real_subset,real_response_diagnostic_subset,selected from fixed target responses using global evaluator-audit behavior signals
fever_225307::boundary_hard,fever_225307,Qwen/Qwen2.5-1.5B-Instruct,Qwen/Qwen2.5-1.5B-Instruct,NOT ENOUGH INFO,boundary_indicator_mismatch,Real NEI case where hallucination_control and uncertainty_handling separate.,selected_boundary_indicator_mismatch.csv,boundary_hard_real_subset,real_response_diagnostic_subset,selected from fixed target responses using global evaluator-audit behavior signals
fever_179272::boundary_hard,fever_179272,Qwen/Qwen2.5-1.5B-Instruct,Qwen/Qwen2.5-1.5B-Instruct,NOT ENOUGH INFO,boundary_indicator_mismatch,Real NEI case where hallucination_control and uncertainty_handling separate.,selected_boundary_indicator_mismatch.csv,boundary_hard_real_subset,real_response_diagnostic_subset,selected from fixed target responses using global evaluator-audit behavior signals
fever_823::boundary_hard,fever_823,Qwen/Qwen2.5-1.5B-Instruct,Qwen/Qwen2.5-1.5B-Instruct,NOT ENOUGH INFO,boundary_indicator_mismatch,Real NEI case where hallucination_control and uncertainty_handling separate.,selected_boundary_indicator_mismatch.csv,boundary_hard_real_subset,real_response_diagnostic_subset,selected from fixed target responses using global evaluator-audit behavior signals
fever_109865::boundary_hard,fever_109865,Qwen/Qwen2.5-1.5B-Instruct,Qwen/Qwen2.5-1.5B-Instruct,NOT ENOUGH INFO,boundary_indicator_mismatch,Real NEI case where hallucination_control and uncertainty_handling separate.,selected_boundary_indicator_mismatch.csv,boundary_hard_real_subset,real_response_diagnostic_subset,selected from fixed target responses using global evaluator-audit behavior signals
fever_46793::boundary_hard,fever_46793,Qwen/Qwen2.5-1.5B-Instruct,Qwen/Qwen2.5-1.5B-Instruct,NOT ENOUGH INFO,boundary_indicator_mismatch,Real NEI case where hallucination_control and uncertainty_handling separate.,selected_boundary_indicator_mismatch.csv,boundary_hard_real_subset,real_response_diagnostic_subset,selected from fixed target responses using global evaluator-audit behavior signals
fever_66551::boundary_hard,fever_66551,meta-llama/Llama-3.2-1B-Instruct,meta-llama/Llama-3.2-1B-Instruct,NOT ENOUGH INFO,boundary_indicator_mismatch,Real NEI case where hallucination_control and uncertainty_handling separate.,selected_boundary_indicator_mismatch.csv,boundary_hard_real_subset,real_response_diagnostic_subset,selected from fixed target responses using global evaluator-audit behavior signals
fever_128902::boundary_hard,fever_128902,meta-llama/Llama-3.2-1B-Instruct,meta-llama/Llama-3.2-1B-Instruct,NOT ENOUGH INFO,boundary_indicator_mismatch,Real NEI case where hallucination_control and uncertainty_handling separate.,selected_boundary_indicator_mismatch.csv,boundary_hard_real_subset,real_response_diagnostic_subset,selected from fixed target responses using global evaluator-audit behavior signals
fever_86438::boundary_hard,fever_86438,meta-llama/Llama-3.2-1B-Instruct,meta-llama/Llama-3.2-1B-Instruct,NOT ENOUGH INFO,boundary_indicator_mismatch,Real NEI case where hallucination_control and uncertainty_handling separate.,selected_boundary_indicator_mismatch.csv,boundary_hard_real_subset,real_response_diagnostic_subset,selected from fixed target responses using global evaluator-audit behavior signals
fever_143565::boundary_hard,fever_143565,meta-llama/Llama-3.2-1B-Instruct,meta-llama/Llama-3.2-1B-Instruct,NOT ENOUGH INFO,boundary_indicator_mismatch,Real NEI case where hallucination_control and uncertainty_handling separate.,selected_boundary_indicator_mismatch.csv,boundary_hard_real_subset,real_response_diagnostic_subset,selected from fixed target responses using global evaluator-audit behavior signals
fever_100584::boundary_hard,fever_100584,Qwen/Qwen2.5-1.5B-Instruct,Qwen/Qwen2.5-1.5B-Instruct,REFUTES,backend_disagreement,Same fixed target response receives substantially different scores across evaluator backends.,selected_backend_disagreement.csv,boundary_hard_real_subset,real_response_diagnostic_subset,selected from fixed target responses using global evaluator-audit behavior signals
fever_127539::boundary_hard,fever_127539,meta-llama/Llama-3.2-1B-Instruct,meta-llama/Llama-3.2-1B-Instruct,SUPPORTS,backend_disagreement,Same fixed target response receives substantially different scores across evaluator backends.,selected_backend_disagreement.csv,boundary_hard_real_subset,real_response_diagnostic_subset,selected from fixed target responses using global evaluator-audit behavior signals
fever_130920::boundary_hard,fever_130920,meta-llama/Llama-3.2-1B-Instruct,meta-llama/Llama-3.2-1B-Instruct,REFUTES,backend_disagreement,Same fixed target response receives substantially different scores across evaluator backends.,selected_backend_disagreement.csv,boundary_hard_real_subset,real_response_diagnostic_subset,selected from fixed target responses using global evaluator-audit behavior signals
fever_130703::boundary_hard,fever_130703,meta-llama/Llama-3.2-1B-Instruct,meta-llama/Llama-3.2-1B-Instruct,REFUTES,backend_disagreement,Same fixed target response receives substantially different scores across evaluator backends.,selected_backend_disagreement.csv,boundary_hard_real_subset,real_response_diagnostic_subset,selected from fixed target responses using global evaluator-audit behavior signals
fever_130392::boundary_hard,fever_130392,meta-llama/Llama-3.2-1B-Instruct,meta-llama/Llama-3.2-1B-Instruct,NOT ENOUGH INFO,backend_disagreement,Same fixed target response receives substantially different scores across evaluator backends.,selected_backend_disagreement.csv,boundary_hard_real_subset,real_response_diagnostic_subset,selected from fixed target responses using global evaluator-audit behavior signals
fever_129752::boundary_hard,fever_129752,meta-llama/Llama-3.2-1B-Instruct,meta-llama/Llama-3.2-1B-Instruct,SUPPORTS,backend_disagreement,Same fixed target response receives substantially different scores across evaluator backends.,selected_backend_disagreement.csv,boundary_hard_real_subset,real_response_diagnostic_subset,selected from fixed target responses using global evaluator-audit behavior signals
fever_129441::boundary_hard,fever_129441,meta-llama/Llama-3.2-1B-Instruct,meta-llama/Llama-3.2-1B-Instruct,REFUTES,backend_disagreement,Same fixed target response receives substantially different scores across evaluator backends.,selected_backend_disagreement.csv,boundary_hard_real_subset,real_response_diagnostic_subset,selected from fixed target responses using global evaluator-audit behavior signals
fever_128741::boundary_hard,fever_128741,meta-llama/Llama-3.2-1B-Instruct,meta-llama/Llama-3.2-1B-Instruct,REFUTES,backend_disagreement,Same fixed target response receives substantially different scores across evaluator backends.,selected_backend_disagreement.csv,boundary_hard_real_subset,real_response_diagnostic_subset,selected from fixed target responses using global evaluator-audit behavior signals
fever_128538::boundary_hard,fever_128538,meta-llama/Llama-3.2-1B-Instruct,meta-llama/Llama-3.2-1B-Instruct,REFUTES,backend_disagreement,Same fixed target response receives substantially different scores across evaluator backends.,selected_backend_disagreement.csv,boundary_hard_real_subset,real_response_diagnostic_subset,selected from fixed target responses using global evaluator-audit behavior signals
fever_127872::boundary_hard,fever_127872,meta-llama/Llama-3.2-1B-Instruct,meta-llama/Llama-3.2-1B-Instruct,REFUTES,backend_disagreement,Same fixed target response receives substantially different scores across evaluator backends.,selected_backend_disagreement.csv,boundary_hard_real_subset,real_response_diagnostic_subset,selected from fixed target responses using global evaluator-audit behavior signals
fever_127833::boundary_hard,fever_127833,meta-llama/Llama-3.2-1B-Instruct,meta-llama/Llama-3.2-1B-Instruct,NOT ENOUGH INFO,backend_disagreement,Same fixed target response receives substantially different scores across evaluator backends.,selected_backend_disagreement.csv,boundary_hard_real_subset,real_response_diagnostic_subset,selected from fixed target responses using global evaluator-audit behavior signals
fever_125437::boundary_hard,fever_125437,meta-llama/Llama-3.2-1B-Instruct,meta-llama/Llama-3.2-1B-Instruct,REFUTES,backend_disagreement,Same fixed target response receives substantially different scores across evaluator backends.,selected_backend_disagreement.csv,boundary_hard_real_subset,real_response_diagnostic_subset,selected from fixed target responses using global evaluator-audit behavior signals
fever_12747::boundary_hard,fever_12747,meta-llama/Llama-3.2-1B-Instruct,meta-llama/Llama-3.2-1B-Instruct,SUPPORTS,backend_disagreement,Same fixed target response receives substantially different scores across evaluator backends.,selected_backend_disagreement.csv,boundary_hard_real_subset,real_response_diagnostic_subset,selected from fixed target responses using global evaluator-audit behavior signals
fever_12684::boundary_hard,fever_12684,meta-llama/Llama-3.2-1B-Instruct,meta-llama/Llama-3.2-1B-Instruct,REFUTES,backend_disagreement,Same fixed target response receives substantially different scores across evaluator backends.,selected_backend_disagreement.csv,boundary_hard_real_subset,real_response_diagnostic_subset,selected from fixed target responses using global evaluator-audit behavior signals
fever_126399::boundary_hard,fever_126399,meta-llama/Llama-3.2-1B-Instruct,meta-llama/Llama-3.2-1B-Instruct,NOT ENOUGH INFO,backend_disagreement,Same fixed target response receives substantially different scores across evaluator backends.,selected_backend_disagreement.csv,boundary_hard_real_subset,real_response_diagnostic_subset,selected from fixed target responses using global evaluator-audit behavior signals
fever_126100::boundary_hard,fever_126100,meta-llama/Llama-3.2-1B-Instruct,meta-llama/Llama-3.2-1B-Instruct,NOT ENOUGH INFO,backend_disagreement,Same fixed target response receives substantially different scores across evaluator backends.,selected_backend_disagreement.csv,boundary_hard_real_subset,real_response_diagnostic_subset,selected from fixed target responses using global evaluator-audit behavior signals
fever_126009::boundary_hard,fever_126009,meta-llama/Llama-3.2-1B-Instruct,meta-llama/Llama-3.2-1B-Instruct,REFUTES,backend_disagreement,Same fixed target response receives substantially different scores across evaluator backends.,selected_backend_disagreement.csv,boundary_hard_real_subset,real_response_diagnostic_subset,selected from fixed target responses using global evaluator-audit behavior signals
fever_125836::boundary_hard,fever_125836,meta-llama/Llama-3.2-1B-Instruct,meta-llama/Llama-3.2-1B-Instruct,NOT ENOUGH INFO,backend_disagreement,Same fixed target response receives substantially different scores across evaluator backends.,selected_backend_disagreement.csv,boundary_hard_real_subset,real_response_diagnostic_subset,selected from fixed target responses using global evaluator-audit behavior signals
fever_125695::boundary_hard,fever_125695,meta-llama/Llama-3.2-1B-Instruct,meta-llama/Llama-3.2-1B-Instruct,REFUTES,backend_disagreement,Same fixed target response receives substantially different scores across evaluator backends.,selected_backend_disagreement.csv,boundary_hard_real_subset,real_response_diagnostic_subset,selected from fixed target responses using global evaluator-audit behavior signals
fever_125557::boundary_hard,fever_125557,meta-llama/Llama-3.2-1B-Instruct,meta-llama/Llama-3.2-1B-Instruct,SUPPORTS,backend_disagreement,Same fixed target response receives substantially different scores across evaluator backends.,selected_backend_disagreement.csv,boundary_hard_real_subset,real_response_diagnostic_subset,selected from fixed target responses using global evaluator-audit behavior signals
fever_131295::boundary_hard,fever_131295,meta-llama/Llama-3.2-1B-Instruct,meta-llama/Llama-3.2-1B-Instruct,REFUTES,backend_disagreement,Same fixed target response receives substantially different scores across evaluator backends.,selected_backend_disagreement.csv,boundary_hard_real_subset,real_response_diagnostic_subset,selected from fixed target responses using global evaluator-audit behavior signals
fever_131422::boundary_hard,fever_131422,meta-llama/Llama-3.2-1B-Instruct,meta-llama/Llama-3.2-1B-Instruct,REFUTES,backend_disagreement,Same fixed target response receives substantially different scores across evaluator backends.,selected_backend_disagreement.csv,boundary_hard_real_subset,real_response_diagnostic_subset,selected from fixed target responses using global evaluator-audit behavior signals
fever_131931::boundary_hard,fever_131931,meta-llama/Llama-3.2-1B-Instruct,meta-llama/Llama-3.2-1B-Instruct,SUPPORTS,backend_disagreement,Same fixed target response receives substantially different scores across evaluator backends.,selected_backend_disagreement.csv,boundary_hard_real_subset,real_response_diagnostic_subset,selected from fixed target responses using global evaluator-audit behavior signals
fever_138047::boundary_hard,fever_138047,meta-llama/Llama-3.2-1B-Instruct,meta-llama/Llama-3.2-1B-Instruct,REFUTES,backend_disagreement,Same fixed target response receives substantially different scores across evaluator backends.,selected_backend_disagreement.csv,boundary_hard_real_subset,real_response_diagnostic_subset,selected from fixed target responses using global evaluator-audit behavior signals
fever_137741::boundary_hard,fever_137741,meta-llama/Llama-3.2-1B-Instruct,meta-llama/Llama-3.2-1B-Instruct,REFUTES,backend_disagreement,Same fixed target response receives substantially different scores across evaluator backends.,selected_backend_disagreement.csv,boundary_hard_real_subset,real_response_diagnostic_subset,selected from fixed target responses using global evaluator-audit behavior signals
fever_32687::boundary_hard,fever_32687,meta-llama/Llama-3.2-1B-Instruct,meta-llama/Llama-3.2-1B-Instruct,REFUTES,direct_vs_full_shift,Full CALE changes the score substantially relative to the backend-specific direct baseline.,selected_direct_vs_full_shift.csv,boundary_hard_real_subset,real_response_diagnostic_subset,selected from fixed target responses using global evaluator-audit behavior signals
fever_120210::boundary_hard,fever_120210,meta-llama/Llama-3.2-1B-Instruct,meta-llama/Llama-3.2-1B-Instruct,REFUTES,direct_vs_full_shift,Full CALE changes the score substantially relative to the backend-specific direct baseline.,selected_direct_vs_full_shift.csv,boundary_hard_real_subset,real_response_diagnostic_subset,selected from fixed target responses using global evaluator-audit behavior signals
fever_54142::boundary_hard,fever_54142,meta-llama/Llama-3.2-1B-Instruct,meta-llama/Llama-3.2-1B-Instruct,REFUTES,direct_vs_full_shift,Full CALE changes the score substantially relative to the backend-specific direct baseline.,selected_direct_vs_full_shift.csv,boundary_hard_real_subset,real_response_diagnostic_subset,selected from fixed target responses using global evaluator-audit behavior signals
fever_51098::boundary_hard,fever_51098,meta-llama/Llama-3.2-1B-Instruct,meta-llama/Llama-3.2-1B-Instruct,REFUTES,direct_vs_full_shift,Full CALE changes the score substantially relative to the backend-specific direct baseline.,selected_direct_vs_full_shift.csv,boundary_hard_real_subset,real_response_diagnostic_subset,selected from fixed target responses using global evaluator-audit behavior signals
fever_49268::boundary_hard,fever_49268,meta-llama/Llama-3.2-1B-Instruct,meta-llama/Llama-3.2-1B-Instruct,REFUTES,direct_vs_full_shift,Full CALE changes the score substantially relative to the backend-specific direct baseline.,selected_direct_vs_full_shift.csv,boundary_hard_real_subset,real_response_diagnostic_subset,selected from fixed target responses using global evaluator-audit behavior signals
fever_118810::boundary_hard,fever_118810,meta-llama/Llama-3.2-1B-Instruct,meta-llama/Llama-3.2-1B-Instruct,REFUTES,direct_vs_full_shift,Full CALE changes the score substantially relative to the backend-specific direct baseline.,selected_direct_vs_full_shift.csv,boundary_hard_real_subset,real_response_diagnostic_subset,selected from fixed target responses using global evaluator-audit behavior signals
fever_108281::boundary_hard,fever_108281,meta-llama/Llama-3.2-1B-Instruct,meta-llama/Llama-3.2-1B-Instruct,REFUTES,direct_vs_full_shift,Full CALE changes the score substantially relative to the backend-specific direct baseline.,selected_direct_vs_full_shift.csv,boundary_hard_real_subset,real_response_diagnostic_subset,selected from fixed target responses using global evaluator-audit behavior signals
fever_108202::boundary_hard,fever_108202,meta-llama/Llama-3.2-1B-Instruct,meta-llama/Llama-3.2-1B-Instruct,REFUTES,direct_vs_full_shift,Full CALE changes the score substantially relative to the backend-specific direct baseline.,selected_direct_vs_full_shift.csv,boundary_hard_real_subset,real_response_diagnostic_subset,selected from fixed target responses using global evaluator-audit behavior signals
fever_184083::boundary_hard,fever_184083,meta-llama/Llama-3.2-1B-Instruct,meta-llama/Llama-3.2-1B-Instruct,SUPPORTS,direct_vs_full_shift,Full CALE changes the score substantially relative to the backend-specific direct baseline.,selected_direct_vs_full_shift.csv,boundary_hard_real_subset,real_response_diagnostic_subset,selected from fixed target responses using global evaluator-audit behavior signals
fever_108003::boundary_hard,fever_108003,meta-llama/Llama-3.2-1B-Instruct,meta-llama/Llama-3.2-1B-Instruct,REFUTES,direct_vs_full_shift,Full CALE changes the score substantially relative to the backend-specific direct baseline.,selected_direct_vs_full_shift.csv,boundary_hard_real_subset,real_response_diagnostic_subset,selected from fixed target responses using global evaluator-audit behavior signals
fever_102875::boundary_hard,fever_102875,meta-llama/Llama-3.2-1B-Instruct,meta-llama/Llama-3.2-1B-Instruct,REFUTES,direct_vs_full_shift,Full CALE changes the score substantially relative to the backend-specific direct baseline.,selected_direct_vs_full_shift.csv,boundary_hard_real_subset,real_response_diagnostic_subset,selected from fixed target responses using global evaluator-audit behavior signals
fever_93250::boundary_hard,fever_93250,Qwen/Qwen2.5-1.5B-Instruct,Qwen/Qwen2.5-1.5B-Instruct,REFUTES,direct_vs_full_shift,Full CALE changes the score substantially relative to the backend-specific direct baseline.,selected_direct_vs_full_shift.csv,boundary_hard_real_subset,real_response_diagnostic_subset,selected from fixed target responses using global evaluator-audit behavior signals
fever_138103::boundary_hard,fever_138103,meta-llama/Llama-3.2-1B-Instruct,meta-llama/Llama-3.2-1B-Instruct,NOT ENOUGH INFO,direct_vs_full_shift,Full CALE changes the score substantially relative to the backend-specific direct baseline.,selected_direct_vs_full_shift.csv,boundary_hard_real_subset,real_response_diagnostic_subset,selected from fixed target responses using global evaluator-audit behavior signals
fever_80124::boundary_hard,fever_80124,meta-llama/Llama-3.2-1B-Instruct,meta-llama/Llama-3.2-1B-Instruct,NOT ENOUGH INFO,direct_vs_full_shift,Full CALE changes the score substantially relative to the backend-specific direct baseline.,selected_direct_vs_full_shift.csv,boundary_hard_real_subset,real_response_diagnostic_subset,selected from fixed target responses using global evaluator-audit behavior signals
fever_211286::boundary_hard,fever_211286,Qwen/Qwen2.5-1.5B-Instruct,Qwen/Qwen2.5-1.5B-Instruct,SUPPORTS,direct_vs_full_shift,Full CALE changes the score substantially relative to the backend-specific direct baseline.,selected_direct_vs_full_shift.csv,boundary_hard_real_subset,real_response_diagnostic_subset,selected from fixed target responses using global evaluator-audit behavior signals
fever_97739::boundary_hard,fever_97739,meta-llama/Llama-3.2-1B-Instruct,meta-llama/Llama-3.2-1B-Instruct,SUPPORTS,direct_vs_full_shift,Full CALE changes the score substantially relative to the backend-specific direct baseline.,selected_direct_vs_full_shift.csv,boundary_hard_real_subset,real_response_diagnostic_subset,selected from fixed target responses using global evaluator-audit behavior signals
fever_125513::boundary_hard,fever_125513,Qwen/Qwen2.5-1.5B-Instruct,Qwen/Qwen2.5-1.5B-Instruct,REFUTES,direct_vs_full_shift,Full CALE changes the score substantially relative to the backend-specific direct baseline.,selected_direct_vs_full_shift.csv,boundary_hard_real_subset,real_response_diagnostic_subset,selected from fixed target responses using global evaluator-audit behavior signals
fever_127872::boundary_hard,fever_127872,Qwen/Qwen2.5-1.5B-Instruct,Qwen/Qwen2.5-1.5B-Instruct,REFUTES,direct_vs_full_shift,Full CALE changes the score substantially relative to the backend-specific direct baseline.,selected_direct_vs_full_shift.csv,boundary_hard_real_subset,real_response_diagnostic_subset,selected from fixed target responses using global evaluator-audit behavior signals
fever_155413::boundary_hard,fever_155413,Qwen/Qwen2.5-1.5B-Instruct,Qwen/Qwen2.5-1.5B-Instruct,SUPPORTS,direct_vs_full_shift,Full CALE changes the score substantially relative to the backend-specific direct baseline.,selected_direct_vs_full_shift.csv,boundary_hard_real_subset,real_response_diagnostic_subset,selected from fixed target responses using global evaluator-audit behavior signals
fever_70599::boundary_hard,fever_70599,meta-llama/Llama-3.2-1B-Instruct,meta-llama/Llama-3.2-1B-Instruct,SUPPORTS,direct_vs_full_shift,Full CALE changes the score substantially relative to the backend-specific direct baseline.,selected_direct_vs_full_shift.csv,boundary_hard_real_subset,real_response_diagnostic_subset,selected from fixed target responses using global evaluator-audit behavior signals
fever_46970::boundary_hard,fever_46970,meta-llama/Llama-3.2-1B-Instruct,meta-llama/Llama-3.2-1B-Instruct,REFUTES,direct_vs_full_shift,Full CALE changes the score substantially relative to the backend-specific direct baseline.,selected_direct_vs_full_shift.csv,boundary_hard_real_subset,real_response_diagnostic_subset,selected from fixed target responses using global evaluator-audit behavior signals
fever_137482::boundary_hard,fever_137482,Qwen/Qwen2.5-1.5B-Instruct,Qwen/Qwen2.5-1.5B-Instruct,NOT ENOUGH INFO,direct_vs_full_shift,Full CALE changes the score substantially relative to the backend-specific direct baseline.,selected_direct_vs_full_shift.csv,boundary_hard_real_subset,real_response_diagnostic_subset,selected from fixed target responses using global evaluator-audit behavior signals
fever_63836::boundary_hard,fever_63836,meta-llama/Llama-3.2-1B-Instruct,meta-llama/Llama-3.2-1B-Instruct,REFUTES,direct_vs_full_shift,Full CALE changes the score substantially relative to the backend-specific direct baseline.,selected_direct_vs_full_shift.csv,boundary_hard_real_subset,real_response_diagnostic_subset,selected from fixed target responses using global evaluator-audit behavior signals
fever_94058::boundary_hard,fever_94058,Qwen/Qwen2.5-1.5B-Instruct,Qwen/Qwen2.5-1.5B-Instruct,SUPPORTS,direct_vs_full_shift,Full CALE changes the score substantially relative to the backend-specific direct baseline.,selected_direct_vs_full_shift.csv,boundary_hard_real_subset,real_response_diagnostic_subset,selected from fixed target responses using global evaluator-audit behavior signals
fever_71853::boundary_hard,fever_71853,Qwen/Qwen2.5-1.5B-Instruct,Qwen/Qwen2.5-1.5B-Instruct,SUPPORTS,direct_vs_full_shift,Full CALE changes the score substantially relative to the backend-specific direct baseline.,selected_direct_vs_full_shift.csv,boundary_hard_real_subset,real_response_diagnostic_subset,selected from fixed target responses using global evaluator-audit behavior signals
fever_63836::boundary_hard,fever_63836,Qwen/Qwen2.5-1.5B-Instruct,Qwen/Qwen2.5-1.5B-Instruct,REFUTES,direct_vs_full_shift,Full CALE changes the score substantially relative to the backend-specific direct baseline.,selected_direct_vs_full_shift.csv,boundary_hard_real_subset,real_response_diagnostic_subset,selected from fixed target responses using global evaluator-audit behavior signals
fever_49706::boundary_hard,fever_49706,Qwen/Qwen2.5-1.5B-Instruct,Qwen/Qwen2.5-1.5B-Instruct,SUPPORTS,direct_vs_full_shift,Full CALE changes the score substantially relative to the backend-specific direct baseline.,selected_direct_vs_full_shift.csv,boundary_hard_real_subset,real_response_diagnostic_subset,selected from fixed target responses using global evaluator-audit behavior signals
fever_130717::boundary_hard,fever_130717,Qwen/Qwen2.5-1.5B-Instruct,Qwen/Qwen2.5-1.5B-Instruct,SUPPORTS,direct_vs_full_shift,Full CALE changes the score substantially relative to the backend-specific direct baseline.,selected_direct_vs_full_shift.csv,boundary_hard_real_subset,real_response_diagnostic_subset,selected from fixed target responses using global evaluator-audit behavior signals
fever_29146::boundary_hard,fever_29146,Qwen/Qwen2.5-1.5B-Instruct,Qwen/Qwen2.5-1.5B-Instruct,SUPPORTS,direct_vs_full_shift,Full CALE changes the score substantially relative to the backend-specific direct baseline.,selected_direct_vs_full_shift.csv,boundary_hard_real_subset,real_response_diagnostic_subset,selected from fixed target responses using global evaluator-audit behavior signals
fever_212194::boundary_hard,fever_212194,meta-llama/Llama-3.2-1B-Instruct,meta-llama/Llama-3.2-1B-Instruct,REFUTES,direct_vs_full_shift,Full CALE changes the score substantially relative to the backend-specific direct baseline.,selected_direct_vs_full_shift.csv,boundary_hard_real_subset,real_response_diagnostic_subset,selected from fixed target responses using global evaluator-audit behavior signals
fever_181870::boundary_hard,fever_181870,meta-llama/Llama-3.2-1B-Instruct,meta-llama/Llama-3.2-1B-Instruct,NOT ENOUGH INFO,direct_vs_full_shift,Full CALE changes the score substantially relative to the backend-specific direct baseline.,selected_direct_vs_full_shift.csv,boundary_hard_real_subset,real_response_diagnostic_subset,selected from fixed target responses using global evaluator-audit behavior signals
fever_142947::boundary_hard,fever_142947,meta-llama/Llama-3.2-1B-Instruct,meta-llama/Llama-3.2-1B-Instruct,NOT ENOUGH INFO,direct_vs_full_shift,Full CALE changes the score substantially relative to the backend-specific direct baseline.,selected_direct_vs_full_shift.csv,boundary_hard_real_subset,real_response_diagnostic_subset,selected from fixed target responses using global evaluator-audit behavior signals
fever_34766::boundary_hard,fever_34766,Qwen/Qwen2.5-1.5B-Instruct,Qwen/Qwen2.5-1.5B-Instruct,SUPPORTS,direct_vs_full_shift,Full CALE changes the score substantially relative to the backend-specific direct baseline.,selected_direct_vs_full_shift.csv,boundary_hard_real_subset,real_response_diagnostic_subset,selected from fixed target responses using global evaluator-audit behavior signals
fever_46513::boundary_hard,fever_46513,Qwen/Qwen2.5-1.5B-Instruct,Qwen/Qwen2.5-1.5B-Instruct,SUPPORTS,direct_vs_full_shift,Full CALE changes the score substantially relative to the backend-specific direct baseline.,selected_direct_vs_full_shift.csv,boundary_hard_real_subset,real_response_diagnostic_subset,selected from fixed target responses using global evaluator-audit behavior signals
fever_68022::boundary_hard,fever_68022,Qwen/Qwen2.5-1.5B-Instruct,Qwen/Qwen2.5-1.5B-Instruct,REFUTES,direct_vs_full_shift,Full CALE changes the score substantially relative to the backend-specific direct baseline.,selected_direct_vs_full_shift.csv,boundary_hard_real_subset,real_response_diagnostic_subset,selected from fixed target responses using global evaluator-audit behavior signals
fever_117409::boundary_hard,fever_117409,Qwen/Qwen2.5-1.5B-Instruct,Qwen/Qwen2.5-1.5B-Instruct,REFUTES,direct_vs_full_shift,Full CALE changes the score substantially relative to the backend-specific direct baseline.,selected_direct_vs_full_shift.csv,boundary_hard_real_subset,real_response_diagnostic_subset,selected from fixed target responses using global evaluator-audit behavior signals
fever_195058::boundary_hard,fever_195058,Qwen/Qwen2.5-1.5B-Instruct,Qwen/Qwen2.5-1.5B-Instruct,SUPPORTS,direct_vs_full_shift,Full CALE changes the score substantially relative to the backend-specific direct baseline.,selected_direct_vs_full_shift.csv,boundary_hard_real_subset,real_response_diagnostic_subset,selected from fixed target responses using global evaluator-audit behavior signals
fever_126878::boundary_hard,fever_126878,Qwen/Qwen2.5-1.5B-Instruct,Qwen/Qwen2.5-1.5B-Instruct,REFUTES,direct_vs_full_shift,Full CALE changes the score substantially relative to the backend-specific direct baseline.,selected_direct_vs_full_shift.csv,boundary_hard_real_subset,real_response_diagnostic_subset,selected from fixed target responses using global evaluator-audit behavior signals
fever_70386::boundary_hard,fever_70386,Qwen/Qwen2.5-1.5B-Instruct,Qwen/Qwen2.5-1.5B-Instruct,SUPPORTS,direct_vs_full_shift,Full CALE changes the score substantially relative to the backend-specific direct baseline.,selected_direct_vs_full_shift.csv,boundary_hard_real_subset,real_response_diagnostic_subset,selected from fixed target responses using global evaluator-audit behavior signals
fever_182440::boundary_hard,fever_182440,Qwen/Qwen2.5-1.5B-Instruct,Qwen/Qwen2.5-1.5B-Instruct,NOT ENOUGH INFO,direct_vs_full_shift,Full CALE changes the score substantially relative to the backend-specific direct baseline.,selected_direct_vs_full_shift.csv,boundary_hard_real_subset,real_response_diagnostic_subset,selected from fixed target responses using global evaluator-audit behavior signals
fever_76775::boundary_hard,fever_76775,Qwen/Qwen2.5-1.5B-Instruct,Qwen/Qwen2.5-1.5B-Instruct,SUPPORTS,direct_vs_full_shift,Full CALE changes the score substantially relative to the backend-specific direct baseline.,selected_direct_vs_full_shift.csv,boundary_hard_real_subset,real_response_diagnostic_subset,selected from fixed target responses using global evaluator-audit behavior signals
fever_38574::boundary_hard,fever_38574,meta-llama/Llama-3.2-1B-Instruct,meta-llama/Llama-3.2-1B-Instruct,SUPPORTS,direct_vs_full_shift,Full CALE changes the score substantially relative to the backend-specific direct baseline.,selected_direct_vs_full_shift.csv,boundary_hard_real_subset,real_response_diagnostic_subset,selected from fixed target responses using global evaluator-audit behavior signals
fever_102352::boundary_hard,fever_102352,Qwen/Qwen2.5-1.5B-Instruct,Qwen/Qwen2.5-1.5B-Instruct,SUPPORTS,direct_vs_full_shift,Full CALE changes the score substantially relative to the backend-specific direct baseline.,selected_direct_vs_full_shift.csv,boundary_hard_real_subset,real_response_diagnostic_subset,selected from fixed target responses using global evaluator-audit behavior signals
fever_48499::boundary_hard,fever_48499,Qwen/Qwen2.5-1.5B-Instruct,Qwen/Qwen2.5-1.5B-Instruct,REFUTES,direct_vs_full_shift,Full CALE changes the score substantially relative to the backend-specific direct baseline.,selected_direct_vs_full_shift.csv,boundary_hard_real_subset,real_response_diagnostic_subset,selected from fixed target responses using global evaluator-audit behavior signals
fever_42188::boundary_hard,fever_42188,Qwen/Qwen2.5-1.5B-Instruct,Qwen/Qwen2.5-1.5B-Instruct,SUPPORTS,direct_vs_full_shift,Full CALE changes the score substantially relative to the backend-specific direct baseline.,selected_direct_vs_full_shift.csv,boundary_hard_real_subset,real_response_diagnostic_subset,selected from fixed target responses using global evaluator-audit behavior signals
fever_29857::boundary_hard,fever_29857,Qwen/Qwen2.5-1.5B-Instruct,Qwen/Qwen2.5-1.5B-Instruct,REFUTES,direct_vs_full_shift,Full CALE changes the score substantially relative to the backend-specific direct baseline.,selected_direct_vs_full_shift.csv,boundary_hard_real_subset,real_response_diagnostic_subset,selected from fixed target responses using global evaluator-audit behavior signals
fever_24265::boundary_hard,fever_24265,meta-llama/Llama-3.2-1B-Instruct,meta-llama/Llama-3.2-1B-Instruct,NOT ENOUGH INFO,direct_vs_full_shift,Full CALE changes the score substantially relative to the backend-specific direct baseline.,selected_direct_vs_full_shift.csv,boundary_hard_real_subset,real_response_diagnostic_subset,selected from fixed target responses using global evaluator-audit behavior signals
fever_212775::boundary_hard,fever_212775,Qwen/Qwen2.5-1.5B-Instruct,Qwen/Qwen2.5-1.5B-Instruct,NOT ENOUGH INFO,direct_vs_full_shift,Full CALE changes the score substantially relative to the backend-specific direct baseline.,selected_direct_vs_full_shift.csv,boundary_hard_real_subset,real_response_diagnostic_subset,selected from fixed target responses using global evaluator-audit behavior signals
fever_152864::boundary_hard,fever_152864,Qwen/Qwen2.5-1.5B-Instruct,Qwen/Qwen2.5-1.5B-Instruct,NOT ENOUGH INFO,direct_vs_full_shift,Full CALE changes the score substantially relative to the backend-specific direct baseline.,selected_direct_vs_full_shift.csv,boundary_hard_real_subset,real_response_diagnostic_subset,selected from fixed target responses using global evaluator-audit behavior signals
fever_182270::boundary_hard,fever_182270,meta-llama/Llama-3.2-1B-Instruct,meta-llama/Llama-3.2-1B-Instruct,NOT ENOUGH INFO,direct_vs_full_shift,Full CALE changes the score substantially relative to the backend-specific direct baseline.,selected_direct_vs_full_shift.csv,boundary_hard_real_subset,real_response_diagnostic_subset,selected from fixed target responses using global evaluator-audit behavior signals
fever_149251::boundary_hard,fever_149251,Qwen/Qwen2.5-1.5B-Instruct,Qwen/Qwen2.5-1.5B-Instruct,NOT ENOUGH INFO,direct_vs_full_shift,Full CALE changes the score substantially relative to the backend-specific direct baseline.,selected_direct_vs_full_shift.csv,boundary_hard_real_subset,real_response_diagnostic_subset,selected from fixed target responses using global evaluator-audit behavior signals
fever_127833::boundary_hard,fever_127833,Qwen/Qwen2.5-1.5B-Instruct,Qwen/Qwen2.5-1.5B-Instruct,NOT ENOUGH INFO,direct_vs_full_shift,Full CALE changes the score substantially relative to the backend-specific direct baseline.,selected_direct_vs_full_shift.csv,boundary_hard_real_subset,real_response_diagnostic_subset,selected from fixed target responses using global evaluator-audit behavior signals
fever_161206::boundary_hard,fever_161206,meta-llama/Llama-3.2-1B-Instruct,meta-llama/Llama-3.2-1B-Instruct,REFUTES,direct_vs_full_shift,Full CALE changes the score substantially relative to the backend-specific direct baseline.,selected_direct_vs_full_shift.csv,boundary_hard_real_subset,real_response_diagnostic_subset,selected from fixed target responses using global evaluator-audit behavior signals
fever_194372::boundary_hard,fever_194372,meta-llama/Llama-3.2-1B-Instruct,meta-llama/Llama-3.2-1B-Instruct,NOT ENOUGH INFO,direct_vs_full_shift,Full CALE changes the score substantially relative to the backend-specific direct baseline.,selected_direct_vs_full_shift.csv,boundary_hard_real_subset,real_response_diagnostic_subset,selected from fixed target responses using global evaluator-audit behavior signals
fever_201383::boundary_hard,fever_201383,meta-llama/Llama-3.2-1B-Instruct,meta-llama/Llama-3.2-1B-Instruct,NOT ENOUGH INFO,direct_vs_full_shift,Full CALE changes the score substantially relative to the backend-specific direct baseline.,selected_direct_vs_full_shift.csv,boundary_hard_real_subset,real_response_diagnostic_subset,selected from fixed target responses using global evaluator-audit behavior signals
fever_202940::boundary_hard,fever_202940,meta-llama/Llama-3.2-1B-Instruct,meta-llama/Llama-3.2-1B-Instruct,SUPPORTS,direct_vs_full_shift,Full CALE changes the score substantially relative to the backend-specific direct baseline.,selected_direct_vs_full_shift.csv,boundary_hard_real_subset,real_response_diagnostic_subset,selected from fixed target responses using global evaluator-audit behavior signals
fever_203164::boundary_hard,fever_203164,meta-llama/Llama-3.2-1B-Instruct,meta-llama/Llama-3.2-1B-Instruct,NOT ENOUGH INFO,direct_vs_full_shift,Full CALE changes the score substantially relative to the backend-specific direct baseline.,selected_direct_vs_full_shift.csv,boundary_hard_real_subset,real_response_diagnostic_subset,selected from fixed target responses using global evaluator-audit behavior signals
fever_226140::boundary_hard,fever_226140,meta-llama/Llama-3.2-1B-Instruct,meta-llama/Llama-3.2-1B-Instruct,NOT ENOUGH INFO,direct_vs_full_shift,Full CALE changes the score substantially relative to the backend-specific direct baseline.,selected_direct_vs_full_shift.csv,boundary_hard_real_subset,real_response_diagnostic_subset,selected from fixed target responses using global evaluator-audit behavior signals
fever_75022::boundary_hard,fever_75022,meta-llama/Llama-3.2-1B-Instruct,meta-llama/Llama-3.2-1B-Instruct,NOT ENOUGH INFO,direct_vs_full_shift,Full CALE changes the score substantially relative to the backend-specific direct baseline.,selected_direct_vs_full_shift.csv,boundary_hard_real_subset,real_response_diagnostic_subset,selected from fixed target responses using global evaluator-audit behavior signals
fever_115721::boundary_hard,fever_115721,Qwen/Qwen2.5-1.5B-Instruct,Qwen/Qwen2.5-1.5B-Instruct,NOT ENOUGH INFO,direct_vs_full_shift,Full CALE changes the score substantially relative to the backend-specific direct baseline.,selected_direct_vs_full_shift.csv,boundary_hard_real_subset,real_response_diagnostic_subset,selected from fixed target responses using global evaluator-audit behavior signals
fever_219038::boundary_hard,fever_219038,Qwen/Qwen2.5-1.5B-Instruct,Qwen/Qwen2.5-1.5B-Instruct,NOT ENOUGH INFO,direct_vs_full_shift,Full CALE changes the score substantially relative to the backend-specific direct baseline.,selected_direct_vs_full_shift.csv,boundary_hard_real_subset,real_response_diagnostic_subset,selected from fixed target responses using global evaluator-audit behavior signals
fever_44389::boundary_hard,fever_44389,Qwen/Qwen2.5-1.5B-Instruct,Qwen/Qwen2.5-1.5B-Instruct,NOT ENOUGH INFO,direct_vs_full_shift,Full CALE changes the score substantially relative to the backend-specific direct baseline.,selected_direct_vs_full_shift.csv,boundary_hard_real_subset,real_response_diagnostic_subset,selected from fixed target responses using global evaluator-audit behavior signals
fever_189756::boundary_hard,fever_189756,meta-llama/Llama-3.2-1B-Instruct,meta-llama/Llama-3.2-1B-Instruct,NOT ENOUGH INFO,direct_vs_full_shift,Full CALE changes the score substantially relative to the backend-specific direct baseline.,selected_direct_vs_full_shift.csv,boundary_hard_real_subset,real_response_diagnostic_subset,selected from fixed target responses using global evaluator-audit behavior signals
fever_229316::boundary_hard,fever_229316,meta-llama/Llama-3.2-1B-Instruct,meta-llama/Llama-3.2-1B-Instruct,NOT ENOUGH INFO,direct_vs_full_shift,Full CALE changes the score substantially relative to the backend-specific direct baseline.,selected_direct_vs_full_shift.csv,boundary_hard_real_subset,real_response_diagnostic_subset,selected from fixed target responses using global evaluator-audit behavior signals
fever_10278::boundary_hard,fever_10278,meta-llama/Llama-3.2-1B-Instruct,meta-llama/Llama-3.2-1B-Instruct,REFUTES,direct_vs_full_shift,Full CALE changes the score substantially relative to the backend-specific direct baseline.,selected_direct_vs_full_shift.csv,boundary_hard_real_subset,real_response_diagnostic_subset,selected from fixed target responses using global evaluator-audit behavior signals
fever_139037::boundary_hard,fever_139037,meta-llama/Llama-3.2-1B-Instruct,meta-llama/Llama-3.2-1B-Instruct,SUPPORTS,direct_vs_full_shift,Full CALE changes the score substantially relative to the backend-specific direct baseline.,selected_direct_vs_full_shift.csv,boundary_hard_real_subset,real_response_diagnostic_subset,selected from fixed target responses using global evaluator-audit behavior signals
fever_126100::boundary_hard,fever_126100,Qwen/Qwen2.5-1.5B-Instruct,Qwen/Qwen2.5-1.5B-Instruct,NOT ENOUGH INFO,direct_vs_full_shift,Full CALE changes the score substantially relative to the backend-specific direct baseline.,selected_direct_vs_full_shift.csv,boundary_hard_real_subset,real_response_diagnostic_subset,selected from fixed target responses using global evaluator-audit behavior signals
fever_121283::boundary_hard,fever_121283,meta-llama/Llama-3.2-1B-Instruct,meta-llama/Llama-3.2-1B-Instruct,REFUTES,direct_vs_full_shift,Full CALE changes the score substantially relative to the backend-specific direct baseline.,selected_direct_vs_full_shift.csv,boundary_hard_real_subset,real_response_diagnostic_subset,selected from fixed target responses using global evaluator-audit behavior signals
fever_112242::boundary_hard,fever_112242,Qwen/Qwen2.5-1.5B-Instruct,Qwen/Qwen2.5-1.5B-Instruct,REFUTES,direct_vs_full_shift,Full CALE changes the score substantially relative to the backend-specific direct baseline.,selected_direct_vs_full_shift.csv,boundary_hard_real_subset,real_response_diagnostic_subset,selected from fixed target responses using global evaluator-audit behavior signals
fever_91654::boundary_hard,fever_91654,meta-llama/Llama-3.2-1B-Instruct,meta-llama/Llama-3.2-1B-Instruct,NOT ENOUGH INFO,direct_vs_full_shift,Full CALE changes the score substantially relative to the backend-specific direct baseline.,selected_direct_vs_full_shift.csv,boundary_hard_real_subset,real_response_diagnostic_subset,selected from fixed target responses using global evaluator-audit behavior signals
fever_100203::boundary_hard,fever_100203,Qwen/Qwen2.5-1.5B-Instruct,Qwen/Qwen2.5-1.5B-Instruct,NOT ENOUGH INFO,direct_vs_full_shift,Full CALE changes the score substantially relative to the backend-specific direct baseline.,selected_direct_vs_full_shift.csv,boundary_hard_real_subset,real_response_diagnostic_subset,selected from fixed target responses using global evaluator-audit behavior signals
fever_197664::boundary_hard,fever_197664,Qwen/Qwen2.5-1.5B-Instruct,Qwen/Qwen2.5-1.5B-Instruct,NOT ENOUGH INFO,direct_vs_full_shift,Full CALE changes the score substantially relative to the backend-specific direct baseline.,selected_direct_vs_full_shift.csv,boundary_hard_real_subset,real_response_diagnostic_subset,selected from fixed target responses using global evaluator-audit behavior signals
fever_111697::boundary_hard,fever_111697,meta-llama/Llama-3.2-1B-Instruct,meta-llama/Llama-3.2-1B-Instruct,NOT ENOUGH INFO,direct_vs_full_shift,Full CALE changes the score substantially relative to the backend-specific direct baseline.,selected_direct_vs_full_shift.csv,boundary_hard_real_subset,real_response_diagnostic_subset,selected from fixed target responses using global evaluator-audit behavior signals
fever_130013::boundary_hard,fever_130013,Qwen/Qwen2.5-1.5B-Instruct,Qwen/Qwen2.5-1.5B-Instruct,NOT ENOUGH INFO,direct_vs_full_shift,Full CALE changes the score substantially relative to the backend-specific direct baseline.,selected_direct_vs_full_shift.csv,boundary_hard_real_subset,real_response_diagnostic_subset,selected from fixed target responses using global evaluator-audit behavior signals
fever_120165::boundary_hard,fever_120165,meta-llama/Llama-3.2-1B-Instruct,meta-llama/Llama-3.2-1B-Instruct,NOT ENOUGH INFO,direct_vs_full_shift,Full CALE changes the score substantially relative to the backend-specific direct baseline.,selected_direct_vs_full_shift.csv,boundary_hard_real_subset,real_response_diagnostic_subset,selected from fixed target responses using global evaluator-audit behavior signals
fever_128204::boundary_hard,fever_128204,meta-llama/Llama-3.2-1B-Instruct,meta-llama/Llama-3.2-1B-Instruct,REFUTES,direct_vs_full_shift,Full CALE changes the score substantially relative to the backend-specific direct baseline.,selected_direct_vs_full_shift.csv,boundary_hard_real_subset,real_response_diagnostic_subset,selected from fixed target responses using global evaluator-audit behavior signals
fever_52926::boundary_hard,fever_52926,meta-llama/Llama-3.2-1B-Instruct,meta-llama/Llama-3.2-1B-Instruct,REFUTES,direct_vs_full_shift,Full CALE changes the score substantially relative to the backend-specific direct baseline.,selected_direct_vs_full_shift.csv,boundary_hard_real_subset,real_response_diagnostic_subset,selected from fixed target responses using global evaluator-audit behavior signals
fever_99740::boundary_hard,fever_99740,Qwen/Qwen2.5-1.5B-Instruct,Qwen/Qwen2.5-1.5B-Instruct,REFUTES,direct_vs_full_shift,Full CALE changes the score substantially relative to the backend-specific direct baseline.,selected_direct_vs_full_shift.csv,boundary_hard_real_subset,real_response_diagnostic_subset,selected from fixed target responses using global evaluator-audit behavior signals
fever_91198::boundary_hard,fever_91198,meta-llama/Llama-3.2-1B-Instruct,meta-llama/Llama-3.2-1B-Instruct,NOT ENOUGH INFO,representative_factual_handling,"Representative Full CALE heuristic examples spanning low, middle, and high factual-handling signals.",selected_representative_factual_handling.csv,boundary_hard_real_subset,real_response_diagnostic_subset,selected from fixed target responses using global evaluator-audit behavior signals
fever_39122::boundary_hard,fever_39122,meta-llama/Llama-3.2-1B-Instruct,meta-llama/Llama-3.2-1B-Instruct,NOT ENOUGH INFO,representative_factual_handling,"Representative Full CALE heuristic examples spanning low, middle, and high factual-handling signals.",selected_representative_factual_handling.csv,boundary_hard_real_subset,real_response_diagnostic_subset,selected from fixed target responses using global evaluator-audit behavior signals
fever_75591::boundary_hard,fever_75591,meta-llama/Llama-3.2-1B-Instruct,meta-llama/Llama-3.2-1B-Instruct,NOT ENOUGH INFO,representative_factual_handling,"Representative Full CALE heuristic examples spanning low, middle, and high factual-handling signals.",selected_representative_factual_handling.csv,boundary_hard_real_subset,real_response_diagnostic_subset,selected from fixed target responses using global evaluator-audit behavior signals
fever_111816::boundary_hard,fever_111816,Qwen/Qwen2.5-1.5B-Instruct,Qwen/Qwen2.5-1.5B-Instruct,NOT ENOUGH INFO,representative_factual_handling,"Representative Full CALE heuristic examples spanning low, middle, and high factual-handling signals.",selected_representative_factual_handling.csv,boundary_hard_real_subset,real_response_diagnostic_subset,selected from fixed target responses using global evaluator-audit behavior signals
fever_59722::boundary_hard,fever_59722,Qwen/Qwen2.5-1.5B-Instruct,Qwen/Qwen2.5-1.5B-Instruct,NOT ENOUGH INFO,representative_factual_handling,"Representative Full CALE heuristic examples spanning low, middle, and high factual-handling signals.",selected_representative_factual_handling.csv,boundary_hard_real_subset,real_response_diagnostic_subset,selected from fixed target responses using global evaluator-audit behavior signals
fever_75591::boundary_hard,fever_75591,Qwen/Qwen2.5-1.5B-Instruct,Qwen/Qwen2.5-1.5B-Instruct,NOT ENOUGH INFO,representative_factual_handling,"Representative Full CALE heuristic examples spanning low, middle, and high factual-handling signals.",selected_representative_factual_handling.csv,boundary_hard_real_subset,real_response_diagnostic_subset,selected from fixed target responses using global evaluator-audit behavior signals
fever_180699::boundary_hard,fever_180699,meta-llama/Llama-3.2-1B-Instruct,meta-llama/Llama-3.2-1B-Instruct,REFUTES,representative_factual_handling,"Representative Full CALE heuristic examples spanning low, middle, and high factual-handling signals.",selected_representative_factual_handling.csv,boundary_hard_real_subset,real_response_diagnostic_subset,selected from fixed target responses using global evaluator-audit behavior signals
fever_48466::boundary_hard,fever_48466,meta-llama/Llama-3.2-1B-Instruct,meta-llama/Llama-3.2-1B-Instruct,REFUTES,representative_factual_handling,"Representative Full CALE heuristic examples spanning low, middle, and high factual-handling signals.",selected_representative_factual_handling.csv,boundary_hard_real_subset,real_response_diagnostic_subset,selected from fixed target responses using global evaluator-audit behavior signals
fever_81957::boundary_hard,fever_81957,meta-llama/Llama-3.2-1B-Instruct,meta-llama/Llama-3.2-1B-Instruct,REFUTES,representative_factual_handling,"Representative Full CALE heuristic examples spanning low, middle, and high factual-handling signals.",selected_representative_factual_handling.csv,boundary_hard_real_subset,real_response_diagnostic_subset,selected from fixed target responses using global evaluator-audit behavior signals
fever_228572::boundary_hard,fever_228572,Qwen/Qwen2.5-1.5B-Instruct,Qwen/Qwen2.5-1.5B-Instruct,REFUTES,representative_factual_handling,"Representative Full CALE heuristic examples spanning low, middle, and high factual-handling signals.",selected_representative_factual_handling.csv,boundary_hard_real_subset,real_response_diagnostic_subset,selected from fixed target responses using global evaluator-audit behavior signals
fever_205123::boundary_hard,fever_205123,Qwen/Qwen2.5-1.5B-Instruct,Qwen/Qwen2.5-1.5B-Instruct,REFUTES,representative_factual_handling,"Representative Full CALE heuristic examples spanning low, middle, and high factual-handling signals.",selected_representative_factual_handling.csv,boundary_hard_real_subset,real_response_diagnostic_subset,selected from fixed target responses using global evaluator-audit behavior signals
fever_111897::boundary_hard,fever_111897,Qwen/Qwen2.5-1.5B-Instruct,Qwen/Qwen2.5-1.5B-Instruct,REFUTES,representative_factual_handling,"Representative Full CALE heuristic examples spanning low, middle, and high factual-handling signals.",selected_representative_factual_handling.csv,boundary_hard_real_subset,real_response_diagnostic_subset,selected from fixed target responses using global evaluator-audit behavior signals
fever_113279::boundary_hard,fever_113279,meta-llama/Llama-3.2-1B-Instruct,meta-llama/Llama-3.2-1B-Instruct,SUPPORTS,representative_factual_handling,"Representative Full CALE heuristic examples spanning low, middle, and high factual-handling signals.",selected_representative_factual_handling.csv,boundary_hard_real_subset,real_response_diagnostic_subset,selected from fixed target responses using global evaluator-audit behavior signals
fever_195493::boundary_hard,fever_195493,meta-llama/Llama-3.2-1B-Instruct,meta-llama/Llama-3.2-1B-Instruct,SUPPORTS,representative_factual_handling,"Representative Full CALE heuristic examples spanning low, middle, and high factual-handling signals.",selected_representative_factual_handling.csv,boundary_hard_real_subset,real_response_diagnostic_subset,selected from fixed target responses using global evaluator-audit behavior signals
fever_53760::boundary_hard,fever_53760,meta-llama/Llama-3.2-1B-Instruct,meta-llama/Llama-3.2-1B-Instruct,SUPPORTS,representative_factual_handling,"Representative Full CALE heuristic examples spanning low, middle, and high factual-handling signals.",selected_representative_factual_handling.csv,boundary_hard_real_subset,real_response_diagnostic_subset,selected from fixed target responses using global evaluator-audit behavior signals
fever_181882::boundary_hard,fever_181882,Qwen/Qwen2.5-1.5B-Instruct,Qwen/Qwen2.5-1.5B-Instruct,SUPPORTS,representative_factual_handling,"Representative Full CALE heuristic examples spanning low, middle, and high factual-handling signals.",selected_representative_factual_handling.csv,boundary_hard_real_subset,real_response_diagnostic_subset,selected from fixed target responses using global evaluator-audit behavior signals
fever_191647::boundary_hard,fever_191647,Qwen/Qwen2.5-1.5B-Instruct,Qwen/Qwen2.5-1.5B-Instruct,SUPPORTS,representative_factual_handling,"Representative Full CALE heuristic examples spanning low, middle, and high factual-handling signals.",selected_representative_factual_handling.csv,boundary_hard_real_subset,real_response_diagnostic_subset,selected from fixed target responses using global evaluator-audit behavior signals
fever_137334::boundary_hard,fever_137334,Qwen/Qwen2.5-1.5B-Instruct,Qwen/Qwen2.5-1.5B-Instruct,SUPPORTS,representative_factual_handling,"Representative Full CALE heuristic examples spanning low, middle, and high factual-handling signals.",selected_representative_factual_handling.csv,boundary_hard_real_subset,real_response_diagnostic_subset,selected from fixed target responses using global evaluator-audit behavior signals
